violDate,tag,location,city,state
2013-10-23 14:07:00,T38CSA,U/B CENTRE ST,Baltimore,MD
2013-05-05 19:29:00,7AZ5123,1700 THAMES ST,Baltimore,MD
2013-12-09 12:01:00,7FVF08,2300 MCELDERRY ST,Baltimore,MD
2013-11-29 23:00:00,5AJ7933,2400 FREDERICK AVE,Baltimore,MD
2013-12-16 12:49:00,2FBA72,5200 FOSTER AVE,Baltimore,MD
2013-12-19 01:38:00,3199CECO,3100 GOUGH ST,Baltimore,MD
2013-12-27 17:20:00,4CTG49,3200 ST PAUL ST,Baltimore,MD
2013-01-31 11:58:00,CL49392,1800 FAYETTE ST,Baltimore,MD
2013-09-11 11:37:00,3AX7689,2500 CHARLES ST,Baltimore,MD
2013-10-04 17:39:00,1AP9783,3400 GREENMOUNT AVE,Baltimore,MD
2013-08-19 09:01:00,8AV1408,2900 EDGECOMBE CIR,Baltimore,MD
2013-04-01 10:36:00,6CDF19,S Hilton St SB @ Massachusetts,Baltimore,MD
2013-02-16 17:34:00,CBL9969T,00 33RD ST,Baltimore,MD
2013-10-26 10:30:00,551271,E/S 600 RESERVOIR ST,Baltimore,MD
2013-05-10 22:39:00,119090,1900 GOUGH ST,Baltimore,MD
2013-07-11 14:50:00,06140C,O/S 301 LIGHT STREET,Baltimore,MD
2013-06-26 10:27:00,2AE6637,600 CATHEDRAL ST,Baltimore,MD
2013-08-14 14:17:00,WVA1219,200 N PACA ST,Baltimore,MD
2013-09-27 08:46:00,2BC8520,700 EDGEWOOD ST,Baltimore,MD
2013-04-25 11:33:00,9AD9623,2200 WILKENS AVE,Baltimore,MD
2013-02-23 11:06:00,3FGD68,100 GARRETT ST,Baltimore,MD
2013-03-08 14:59:00,5AC5771,N Howard St NB @ John St,Baltimore,MD
2013-04-26 13:29:00,T458104T,700 DR BENJAMIN QUARLES PL,Baltimore,MD
2013-12-26 11:16:00,1BC2982,2100 MONUMENT ST,Baltimore,MD
2013-07-25 09:29:00,2AT6066,400 BALTIMORE ST,Baltimore,MD
2013-04-27 18:18:00,3AW7329,U/B CALVERT ST,Baltimore,MD
2013-09-10 18:51:00,1BD4330,300 WARREN AVE,Baltimore,MD
2013-12-02 08:50:00,3AW9186,600 CALHOUN ST,Baltimore,MD
2013-11-16 02:42:00,XHZ4244,U/B RANDALL ST,Baltimore,MD
2013-08-29 10:57:00,88798CD,200 REDWOOD,Baltimore,MD
2013-11-27 11:35:00,3AE1144,700 WASHINGTON ST,Baltimore,MD
2013-08-13 11:08:00,1AD3268,1500 PARK AVE,Baltimore,MD
2013-12-10 16:13:00,7AR6383,1200 MARTIN LUTHER KING JR BLV,Baltimore,MD
2013-08-16 09:23:00,T837191T,5100 LAUREL AVE,Baltimore,MD
2013-03-29 11:38:00,9AN6997,N Hilton NB n of Monastery Ave,Baltimore,MD
2013-11-08 13:54:00,XCB6178,28117 INDIANA ST,Baltimore,MD
2013-12-16 08:17:00,7AJ4937,800 WHITELOCK ST,Baltimore,MD
2013-12-23 03:57:00,38W800,1600 BEASON ST,Baltimore,MD
2013-07-12 11:22:00,8AV6395,100 N CLINTON,Baltimore,MD
2013-09-26 14:07:00,7BB3190,4300 HILLEN RD,Baltimore,MD
2013-06-21 09:44:00,16583CD,200 GAY ST,Baltimore,MD
2013-02-25 07:47:00,1AP6789,N Hilton NB n of Monastery Ave,Baltimore,MD
2013-12-29 17:36:00,4AE3112,700 CAROLINE ST,Baltimore,MD
2013-05-26 13:53:00,9BA6598,2500 LAFAYETTE AVE,Baltimore,MD
2013-04-11 09:09:00,N559776,200 29TH ST,Baltimore,MD
2013-12-26 10:00:00,ZCW6726,1600 MILTON AVE,Baltimore,MD
2013-08-06 08:27:00,AUFK12,2200 PENROSE REAR,Baltimore,MD
2013-08-28 12:49:00,6DHX77,2500 ELSINORE AVE,Baltimore,MD
2013-06-03 12:24:00,60302M3,500 SMALLWOOD ST,Baltimore,MD
2013-08-21 11:37:00,XAS6885,1200 CALVERT ST,Baltimore,MD
2013-08-26 13:56:00,T839117T,5300 BEAUFORT AVE,Baltimore,MD
2013-10-30 17:33:00,JMG832,1000 CHARLES ST,Baltimore,MD
2013-10-11 17:53:00,46523M2,U/B CROSS ST,Baltimore,MD
2013-04-25 08:38:00,76W692,100 SCOTT ST,Baltimore,MD
2013-12-24 11:49:00,5BD8718,2100 CLIFTON AVE,Baltimore,MD
2013-04-29 18:53:00,T737444T,1100 GUILFORD AVE,Baltimore,MD
2013-09-28 07:40:00,862CPC,E/S 800 CATHEDRAL ST,Baltimore,MD
2013-06-18 13:47:00,3AY0890,U/B READ ST,Baltimore,MD
2013-10-01 08:42:00,GFM8554,O/S 600 S PORT ST REAR,Baltimore,MD
2013-05-29 09:57:00,3BA3010,200 LOVEGROVE ST,Baltimore,MD
2013-12-03 12:27:00,33710CE,200 21ST ST,Baltimore,MD
2013-04-30 13:12:00,2BB5266,300 CHARLES ST,Baltimore,MD
2013-01-25 09:33:00,XDG9714,2100 MADISON ST,Baltimore,MD
2013-09-21 14:10:00,8AJ2010,U/B BIDDLE ST,Baltimore,MD
2013-07-29 08:40:00,2AV4491,100 LINWOOD AVE,Baltimore,MD
2013-03-18 13:25:00,7AR2682,Windsor Mill Rd WB @ Crimea Rd,Baltimore,MD
2013-05-17 13:19:00,9AC5420,3300 ST PAUL ST,Baltimore,MD
2013-03-28 16:27:00,LTM920,Windsor Mill Rd WB @ Crimea Rd,Baltimore,MD
2013-07-28 12:29:00,5AS5712,600 PORTLAND ST,Baltimore,MD
2013-12-31 09:22:00,KHX780,3500 HICKORY AVE,Baltimore,MD
2013-10-24 17:17:00,5BA1253,700 LINDEN AVE,Baltimore,MD
2013-08-13 10:42:00,6AS6959,4423 OLD YORK RD,Baltimore,MD
2013-07-03 18:56:00,EFD856,1 WELLS ST,Baltimore,MD
2013-12-31 10:23:00,DL6552,800 LINDEN AVE,Baltimore,MD
2013-12-14 11:04:00,4BG6001,100 MONUMENT ST,Baltimore,MD
2013-10-08 13:46:00,WYU7634,5000 PERRING PKWY,Baltimore,MD
2013-02-26 14:29:00,T654571T,0000 REDWOOD ST,Baltimore,MD
2013-11-15 12:40:00,4BE4280,1500 THAMES ST,Baltimore,MD
2013-07-19 18:28:00,J826155T,200 W SARATOGA,Baltimore,MD
2013-06-12 21:04:00,8AZ2971,1900 BURNWOOD RD-REAR ALLEY,Baltimore,MD
2013-07-15 14:12:00,7BA0411,1500 LAFAYETTE AVE,Baltimore,MD
2013-11-07 09:42:00,949708 T,100 CHARLES ST,Baltimore,MD
2013-09-13 12:32:00,1EJN67,1200 CHARLES ST,Baltimore,MD
2013-11-29 10:25:00,7AV3412,1100 ST PAUL ST,Baltimore,MD
2013-03-28 09:13:00,58289M9,500 MILTON AVE,Baltimore,MD
2013-12-26 11:03:00,7AY7244,3800 PRATT ST,Baltimore,MD
2013-07-29 20:23:00,3FTM28,2700 BALTIMORE ST,Baltimore,MD
2013-07-08 12:28:00,091M825,6300 EASTERN AVE,Baltimore,MD
2013-11-25 12:03:00,YPU25F,200 31ST ST,Baltimore,MD
2013-09-27 08:38:00,385BTC,U/B WOLFE ST,Baltimore,MD
2013-12-19 17:41:00,4AZ2584,3700 EASTERN AVE,Baltimore,MD
2013-10-24 15:43:00,HYB8680,500 PARK AVE,Baltimore,MD
2013-07-29 12:59:00,1FVX66,5100 LANIER AVE,Baltimore,MD
2013-11-14 21:04:00,6BB1733,800 ALICEANNA ST,Baltimore,MD
2013-08-08 09:24:00,2BB5232,1000 SOMERSET ST,Baltimore,MD
2013-03-19 14:38:00,5AX9387,Harford Rd SB @ Kentucky Ave,Baltimore,MD
2013-03-20 12:59:00,T703145T,6500 HARFORD RD,Baltimore,MD
2013-02-07 08:53:00,7AB8148,900 PATTERSON PARK AVE,Baltimore,MD
2013-05-09 09:45:00,A165856,4408 ELDONE RD,Baltimore,MD
2013-02-26 18:42:00,4AX2502,1600 MARYLAND AVE,Baltimore,MD
2013-02-11 12:36:00,44800M3,1500 SARATOGA ST,Baltimore,MD
2013-06-07 12:29:00,5AL0365,400 SARATOGA ST,Baltimore,MD
2013-10-10 10:27:00,T473362,3600 LEXINGTON ST,Baltimore,MD
2013-08-28 10:40:00,56W702,1300 HAZEL ST,Baltimore,MD
2013-03-18 12:57:00,8FVE32,N Hilton NB n of Monastery Ave,Baltimore,MD
2013-12-17 03:25:00,8AV9508,6400 PARK HGTS AVE,Baltimore,MD
2013-12-17 09:31:00,4BG1947,2700 THE ALAMEDA,Baltimore,MD
2013-12-31 10:04:00,2BE5870,U/B MONTFORD AVE,Baltimore,MD
2013-05-05 16:35:00,49714B,O/S 201 PRATT ST,Baltimore,MD
2013-03-30 16:58:00,2AV4570,0 CROSS ST,Baltimore,MD
2013-07-19 10:45:00,4BB4667,3300 DILLON ST,Baltimore,MD
2013-04-16 12:53:00,5AY6779,700 ST PAUL ST,Baltimore,MD
2013-04-11 11:07:00,T669989T,U/B 20TH ST,Baltimore,MD
2013-11-07 04:09:00,2326205T,4600 COLEHERNE RD,Baltimore,MD
2013-07-16 12:57:00,4AN2032,400 S CONKLING ST,Baltimore,MD
2013-06-25 07:06:00,NOTAGSDI,100 HILTON ST,Baltimore,MD
2013-12-26 17:46:00,JAJ795,700 EDEN ST,Baltimore,MD
2013-07-30 16:39:00,N629699,600 EXETER ST,Baltimore,MD
2013-11-25 08:41:00,1BD6906,1100 PATTERSON PARK AVE,Baltimore,MD
2013-12-28 03:23:00,58V707,200 JANNEY ST,Baltimore,MD
2013-02-04 09:59:00,26V179,900 41ST ST,Baltimore,MD
2013-11-21 09:32:00,29516CC,E/S 1621 NORTH AVE,Baltimore,MD
2013-10-01 09:59:00,9BC9336,1200 DECKER AVE,Baltimore,MD
2013-09-29 14:46:00,8BLD41,700 LOMBARD ST,Baltimore,MD
2013-09-09 19:20:00,M044476,700 CONSTITUTION ST,Baltimore,MD
2013-03-29 17:53:00,1EYL69,S Hilton St SB @ Massachusetts,Baltimore,MD
2013-03-13 17:23:00,3MD7564,E Cold Spring Ln WB @ Hillen R,Baltimore,MD
2013-02-11 16:51:00,KJT2333,600 PORTLAND ST,Baltimore,MD
2013-11-20 22:05:00,48205M8,U/B GAY ST,Baltimore,MD
2013-08-15 19:54:00,9AW4827,1100 PACA ST,Baltimore,MD
2013-11-04 08:08:00,611XNB,U/B CHESTER ST,Baltimore,MD
2013-12-27 09:50:00,3MD0159,600 PARK AVE,Baltimore,MD
2013-10-28 11:40:00,T880127,300 MOUNT ST,Baltimore,MD
2013-03-12 19:57:00,29P742,1100 WILLIAM ST,Baltimore,MD
2013-10-31 21:33:00,8BE5199,U/B GAY ST,Baltimore,MD
2013-10-29 19:52:00,3AD8146,100 PACA ST,Baltimore,MD
2013-05-16 16:57:00,2BB5223,500 LAURENS ST,Baltimore,MD
2013-08-08 07:36:00,8BB4934,2826 HARFORD RD,Baltimore,MD
2013-02-01 09:32:00,63105CD,00000 COMMERCE ST,Baltimore,MD
2013-11-25 11:06:00,52571CC,300 ST PAUL PL,Baltimore,MD
2013-08-17 15:07:00,9BB5039,1 CALVERT ST,Baltimore,MD
2013-10-18 10:34:00,C109496,U/B PACA ST,Baltimore,MD
2013-09-09 16:16:00,7BC4055,300 33RD ST,Baltimore,MD
2013-09-19 13:44:00,C487429,200 MADISON ST,Baltimore,MD
2013-07-25 16:55:00,XXC1803,700 COLLINGTON AVE,Baltimore,MD
2013-10-25 14:08:00,F2340T,1701 THAMES ST,Baltimore,MD
2013-12-16 14:58:00,3AY0002,100 N PACA ST,Baltimore,MD
2013-07-11 21:25:00,8AN2879,700 PORT ST,Baltimore,MD
2013-10-21 18:38:00,4AB6997,1200 MARSHALL ST,Baltimore,MD
2013-06-02 23:15:00,1AX9555,E/S 800 RESEVIOR ST,Baltimore,MD
2013-10-17 20:37:00,8AR8704,2000 FOUNTAIN ST,Baltimore,MD
2013-06-21 07:59:00,XHY7842,2200 BOSTON ST,Baltimore,MD
2013-06-10 12:20:00,6AF0110,1916 HILLENWOOD RD,Baltimore,MD
2013-02-13 09:20:00,1EWL68,00 REDWOOD ST,Baltimore,MD
2013-04-10 13:54:00,2CYF01,600 EXETER ST,Baltimore,MD
2013-12-09 11:43:00,6FSL82,400 BROADWAY,Baltimore,MD
2013-06-25 16:18:00,6AX5926,3100 GREENMOUNT AVE,Baltimore,MD
2013-11-23 21:17:00,JKE0278,600 EXETER ST,Baltimore,MD
2013-09-14 14:10:00,3FXK96,U/B SOUTH ST,Baltimore,MD
2013-12-31 09:55:00,BVK8903,E/S 1600 BOLTON ST,Baltimore,MD
2013-04-15 07:41:00,7AZ5779,500 HIGHLAND AVE,Baltimore,MD
2013-03-16 17:08:00,T681992T,600 BALTIMORE ST,Baltimore,MD
2013-02-28 18:44:00,XCY2451,1200 CHARLES ST,Baltimore,MD
2013-10-15 08:40:00,5AF5846,400S LINWOOD AVE,Baltimore,MD
2013-12-09 12:45:00,6BF4762,2800 ASHLAND AVE,Baltimore,MD
2013-11-01 04:16:00,2BC3861,200 RANDALL ST,Baltimore,MD
2013-12-09 08:37:00,2FMC28,1800 GOUGH ST,Baltimore,MD
2013-12-11 16:55:00,FSD5791,600 CAROLINE ST,Baltimore,MD
2013-12-24 07:56:00,19767M2,800 ARGONNE DR,Baltimore,MD
2013-11-26 08:41:00,6ESJ09,700 RESERVOIR ST,Baltimore,MD
2013-11-05 09:37:00,DG3X587,900 ARION PARK RD,Baltimore,MD
2013-06-18 08:37:00,1AJ9748,2400 BALTIMORE ST,Baltimore,MD
2013-07-11 11:59:00,JDT44463,200 LEXINGTON ST,Baltimore,MD
2013-05-06 08:30:00,5BA7871,1300 KENHILL AVE,Baltimore,MD
2013-09-07 11:03:00,2BD6054,700 LOMBARD ST,Baltimore,MD
2013-07-17 19:06:00,EMK4717,600 CENTRAL AVE,Baltimore,MD
2013-11-25 23:45:00,093TLQ,O/S 1700 N CHARLES ST,Baltimore,MD
2013-08-20 19:27:00,425ZPK,700 PRESIDENT ST,Baltimore,MD
2013-07-05 11:01:00,3AH5724,3200 SHANNON DR,Baltimore,MD
2013-11-15 00:36:00,78N563,1400 CLARKSON ST,Baltimore,MD
2013-12-14 03:56:00,MWH859,900 CLINTON ST,Baltimore,MD
2013-12-06 14:02:00,4BA0995,400 CASTLE ST,Baltimore,MD
2013-11-17 12:43:00,3AY1689,E/S 1000 S POTOMAC,Baltimore,MD
2013-02-08 13:10:00,4AY5928,00 22ND ST,Baltimore,MD
2013-10-08 11:25:00,4ENC43,2200 WALBROOK AVE,Baltimore,MD
2013-12-20 14:06:00,60888CA,U/B GREENE ST,Baltimore,MD
2013-02-19 13:10:00,DX2W021,800 FORT AVE,Baltimore,MD
2013-11-06 12:07:00,6AE3110,3000 ARUNAH AVE,Baltimore,MD
2013-11-14 01:21:00,6BF0085,900 STERRETT ST,Baltimore,MD
2013-05-29 12:54:00,4BA2023,800 LEXINGTON ST,Baltimore,MD
2013-10-06 22:10:00,95100CE,1700 WILLIAM ST,Baltimore,MD
2013-03-29 16:44:00,GRE083,"WoodbourneWB, e of Northwood D",Baltimore,MD
2013-12-18 12:00:00,2AC4173,4700 ELISON AVE,Baltimore,MD
2013-12-18 09:46:00,2BE8764,300 MADISON ST,Baltimore,MD
2013-10-08 08:54:00,JJK1574,U/B EUTAW ST,Baltimore,MD
2013-12-04 13:09:00,71T420,400 ANGLESEA ST,Baltimore,MD
2013-06-04 19:31:00,3AW6321,800 BROADWAY,Baltimore,MD
2013-06-06 09:40:00,4BB1346,U/B PRESTON ST,Baltimore,MD
2013-04-01 16:17:00,LMZ380,Druid Hill Ave EB @ Retreat St,Baltimore,MD
2013-07-03 17:58:00,9AN4667,5300 CORDELIA AVE,Baltimore,MD
2013-03-15 13:14:00,ZZC9103,2000 BRADDISH AVE,Baltimore,MD
2013-03-15 11:21:00,9AY4863,N Howard St NB @ John St,Baltimore,MD
2013-06-19 17:19:00,1AZ2252,1000 CHARLES ST,Baltimore,MD
2013-12-02 08:17:00,7AB8298,1500 RUTLAND AVE,Baltimore,MD
2013-07-17 10:38:00,5CVD59,3108 PELHAM AVE,Baltimore,MD
2013-09-23 13:10:00,83N259,3000 MADISON ST,Baltimore,MD
2013-12-19 10:06:00,9BE0620,2800 ALVARADO SQ,Baltimore,MD
2013-09-13 20:49:00,9EBX58,U/B MT ROYAL AVE,Baltimore,MD
2013-07-14 14:37:00,WTG5676,500 PRATT ST,Baltimore,MD
2013-10-14 09:49:00,7BC8810,700 HANOVER ST,Baltimore,MD
2013-10-24 09:59:00,10514CF,400 EAGER ST,Baltimore,MD
2013-06-17 19:57:00,EQ0103,100 CHASE,Baltimore,MD
2013-12-18 04:38:00,60780M7,4900 FOSTER AVE,Baltimore,MD
2013-07-14 12:14:00,DE8503,100 REDWOOD ST,Baltimore,MD
2013-02-27 12:22:00,5AY5961,2200 MONUMENT ST,Baltimore,MD
2013-11-23 08:14:00,8FEE11,E/S 200 N EUTAW ST,Baltimore,MD
2013-12-31 15:00:00,6BB5581,1600 CLIFTVIEW AVE,Baltimore,MD
2013-10-05 18:30:00,A021087,4200 HILLEN RD,Baltimore,MD
2013-12-17 13:55:00,14540M4,4400 FERNHILL AVE,Baltimore,MD
2013-05-29 11:39:00,2BA2199,400 FRONT ST,Baltimore,MD
2013-11-15 11:44:00,66X837,U/B EAGER ST,Baltimore,MD
2013-12-23 11:37:00,151191,400 LAFAYETTE AVE,Baltimore,MD
2013-02-24 01:03:00,5AX8687,00 CALVERT ST,Baltimore,MD
2013-03-29 14:52:00,5AP2082,N Howard St SB @ John St,Baltimore,MD
2013-05-16 11:12:00,JCW2617,3900 LOMBARD ST,Baltimore,MD
2013-12-27 13:13:00,4BB6097,100 FRANKLIN ST,Baltimore,MD
2013-12-30 02:25:00,LOY0603,700 PATTERSON PARK AVE,Baltimore,MD
2013-10-21 09:48:00,91159HV,U/B PACA ST,Baltimore,MD
2013-09-03 19:25:00,8AD1335,800 BATTERY AVE,Baltimore,MD
2013-06-14 10:44:00,9AY4377,2900 MALLVIEW RD,Baltimore,MD
2013-11-12 09:01:00,1AM8185,100 FULTON AVE,Baltimore,MD
2013-11-15 16:06:00,33067HD,U/B CHARLES ST,Baltimore,MD
2013-10-08 13:40:00,JEJ603,200 ALBEMARLE ST,Baltimore,MD
2013-03-26 15:23:00,9AE0377,Reisterstown Rd NB @ Ocala Ave,Baltimore,MD
2013-10-07 16:35:00,4AM9630,2200 MONUMENT ST,Baltimore,MD
2013-08-17 09:56:00,1DGP36,42 GITTINGS AVE,Baltimore,MD
2013-10-31 21:07:00,9EAP07,900 CATHEDRAL ST,Baltimore,MD
2013-10-18 07:17:00,2BB0306,E/S 3000 E FAYETTE ST,Baltimore,MD
2013-03-05 11:44:00,75930CE,N Howard St NB @ John St,Baltimore,MD
2013-08-20 08:23:00,90716CC,600 PRATT ST,Baltimore,MD
2013-12-05 17:40:00,7AZ5605,200 CLAY ST,Baltimore,MD
2013-11-22 11:38:00,6BC8739,3600 EASTERN AVE,Baltimore,MD
2013-11-15 23:30:00,90154Z,15 E CROSS ST,Baltimore,MD
2013-09-11 08:15:00,3BB8415,3600 WOODLAND AVE,Baltimore,MD
2013-10-19 16:44:00,T876604T,E/S 2400 N CHARLES ST,Baltimore,MD
2013-11-29 07:28:00,1AT9637,300 BALTIMORE ST,Baltimore,MD
2013-09-13 08:59:00,1BD5269,600 ALLENDALE ST,Baltimore,MD
2013-11-12 11:59:00,9BC2859,700 DR BENJAMIN QUARLES PL,Baltimore,MD
2013-05-01 10:28:00,4AM2147,600 SCOTT ST,Baltimore,MD
2013-11-19 11:47:00,MTN131,1206 LINWORTH AVE,Baltimore,MD
2013-11-20 18:27:00,1AG2899,1000 CHARLES ST,Baltimore,MD
2013-11-07 09:40:00,5BB2821,100 CHARLES ST,Baltimore,MD
2013-04-08 12:41:00,4AR2812,900 BROOKS LN,Baltimore,MD
2013-01-28 12:25:00,3AW6360,1800 30TH ST,Baltimore,MD
2013-12-27 08:21:00,9DER06,2200 EDMONDSON AVE,Baltimore,MD
2013-09-09 17:02:00,8BB8845,U/B COMMERCE ST,Baltimore,MD
2013-12-30 20:20:00,1AX7188,3100 ST PAUL ST,Baltimore,MD
2013-10-29 09:18:00,6FCL79,5100 LEVINDALE RD,Baltimore,MD
2013-10-13 15:15:00,9AG2137,801 BROADWAY,Baltimore,MD
2013-12-18 12:24:00,8AN5601,200 CONKLING ST,Baltimore,MD
2013-12-14 01:14:00,4EVG26,1600 LANCASTER ST,Baltimore,MD
2013-04-30 08:45:00,01T469,U/B Lot JFA,Baltimore,MD
2013-11-19 15:46:00,08938CD,1700 MADISON ST,Baltimore,MD
2013-09-13 12:08:00,3BB7767,400 PULASKI ST,Baltimore,MD
2013-12-19 17:09:00,R23CZM,100 CLAY ST,Baltimore,MD
2013-08-30 06:52:00,MEEMO,E/S 500 N STREEPER ST,Baltimore,MD
2013-11-20 09:20:00,2BE4669,800 WARWICK RD,Baltimore,MD
2013-10-21 12:15:00,2BJT36,U/B Lot JFA,Baltimore,MD
2013-07-25 08:11:00,3AP9800,2500 LAURETTA AVE,Baltimore,MD
2013-12-18 14:35:00,04642CE,800 BROADWAY,Baltimore,MD
2013-11-22 09:21:00,4AK8069,2600 HOWARD PARK AVE,Baltimore,MD
2013-07-16 16:50:00,HRF649,1700 THAMES ST,Baltimore,MD
2013-09-11 12:00:00,4AW0255,E/S,Baltimore,MD
2013-04-23 10:06:00,8AY6314,2307 EUTAW PL,Baltimore,MD
2013-06-16 16:03:00,4ASR81,1100 WICOMICO ST,Baltimore,MD
2013-08-13 17:04:00,33215M5,10 EAGER ST,Baltimore,MD
2013-10-09 12:39:00,6AT0108,400 LYNHURST ST,Baltimore,MD
2013-03-29 13:25:00,8AZ2174,Hillen St WB @ Forrest St,Baltimore,MD
2013-11-22 11:22:00,YYL1472,3300 GARRISON AVE,Baltimore,MD
2013-11-17 18:37:00,7BA9598,1700 THAMES ST,Baltimore,MD
2013-07-02 12:05:00,68V311,1500 HOLLINS ST,Baltimore,MD
2013-06-08 20:23:00,80467CD,U/B SOUTH ST,Baltimore,MD
2013-09-19 10:05:00,81767CE,4700 LUERSSEN AVE,Baltimore,MD
2013-08-02 11:31:00,1AS2786,100 ALBEMARLE ST,Baltimore,MD
2013-01-28 11:40:00,T604248T,1900 BENTALOU ST,Baltimore,MD
2013-09-12 08:16:00,6BC7363,2100 HOMEWOOD AVE,Baltimore,MD
2013-10-15 11:01:00,9AS7174,2100 MARYLAND,Baltimore,MD
2013-04-22 13:36:00,6AD5703,2300 AVALON AVE,Baltimore,MD
2013-12-19 08:19:00,5AR8466,1200 OAKHURST PL,Baltimore,MD
2013-03-14 18:34:00,3AF5929,5100 LANIER AVE,Baltimore,MD
2013-12-24 09:33:00,2BD8447,2200 LINDEN AVE,Baltimore,MD
2013-05-23 09:34:00,2BA5659,U/B REDWOOD ST,Baltimore,MD
2013-08-08 11:08:00,4BC1753,2300 BALTIMORE ST,Baltimore,MD
2013-04-30 05:21:00,3AW8866,2200 LOMBARD ST,Baltimore,MD
2013-05-24 13:57:00,069473,300 Garage Redwood St,Baltimore,MD
2013-04-01 08:53:00,2AV0675,700 RESERVOIR ST,Baltimore,MD
2013-12-18 13:24:00,4AM7744,700 WILBRON AVE,Baltimore,MD
2013-05-03 22:03:00,9AA5194,1 LIGHT ST,Baltimore,MD
2013-12-06 13:35:00,5AA2047,U/B GREENE ST,Baltimore,MD
2013-11-10 13:02:00,D68DGS,700 CROSS ST,Baltimore,MD
2013-12-10 04:51:00,6BF4781,500 MONTFORD AVE,Baltimore,MD
2013-07-21 20:05:00,WXT5037,1900 ALLUVION ST LOT,Baltimore,MD
2013-04-12 14:11:00,5AV8836,500 LONE,Baltimore,MD
2013-10-25 13:32:00,2AY4708,100 32ND ST,Baltimore,MD
2013-03-26 11:28:00,LGE034,O/S 803 BEAUMONT AVE,Baltimore,MD
2013-09-25 14:36:00,16W796,2100 MCELDERRY ST,Baltimore,MD
2013-07-27 00:44:00,1AG4752,3404 GLEN AVE,Baltimore,MD
2013-11-04 18:34:00,5AT0830,1000 LIGHT ST,Baltimore,MD
2013-07-01 13:28:00,3BC2140,4200 FURLEY AVE,Baltimore,MD
2013-10-09 07:19:00,M79CCS,1300 41ST ST,Baltimore,MD
2013-08-23 10:00:00,7ENZ33,600 PRATT ST,Baltimore,MD
2013-03-16 08:48:00,NOTAGSDI,2300 SHERWOOD AVE,Baltimore,MD
2013-09-03 11:27:00,7MD2911,4200 BAYONNE AVE,Baltimore,MD
2013-08-13 09:11:00,1AP8076,100 PARK AVE,Baltimore,MD
2013-10-24 11:03:00,7AJ8940,2300 ESSEX ST,Baltimore,MD
2013-12-20 08:17:00,A187306,1700 RUTLAND AVE,Baltimore,MD
2013-07-02 11:51:00,6AX7542,400 SARATOGA ST,Baltimore,MD
2013-09-18 20:11:00,9BE0802,U/B COMMERCE ST,Baltimore,MD
2013-12-24 08:43:00,3AC1616,3300 OLD YORK RD,Baltimore,MD
2013-03-26 08:30:00,BBF1913,500 BLOOM ST,Baltimore,MD
2013-11-25 12:55:00,9AK2009,1600 CHURCH ST,Baltimore,MD
2013-08-15 11:29:00,52DAC,123 CASTLE ST,Baltimore,MD
2013-02-18 09:04:00,SELECT1,100 COLLINGTON AVE,Baltimore,MD
2013-12-10 03:29:00,5BC0342,100 33RD ST,Baltimore,MD
2013-03-14 14:22:00,3BPH84,O/S,Baltimore,MD
2013-06-07 08:20:00,14517M9,900 22ND ST,Baltimore,MD
2013-03-11 14:56:00,42145M3,N Hilton NB n of Monastery Ave,Baltimore,MD
2013-09-13 09:51:00,5BD9761,1300 WOODYEAR ST,Baltimore,MD
2013-06-17 11:42:00,T623504T,400 PONCA ST,Baltimore,MD
2013-03-20 07:15:00,T682412T,3600 FALLS RD,Baltimore,MD
2013-06-17 10:02:00,CH4G323,U/B PATTERSON PARK AVE,Baltimore,MD
2013-11-29 08:18:00,8AF0403,1300 BIDDLE ST,Baltimore,MD
2013-07-16 13:11:00,2AD7587,2907 BERWICK AVE,Baltimore,MD
2013-05-02 07:48:00,6FZL03,2000 KENNEDY AVE,Baltimore,MD
2013-02-22 13:22:00,8AV9653,000 HOLLIDAY ST,Baltimore,MD
2013-11-29 08:23:00,BLT7652,2600 PENNSYLVANIA AVE,Baltimore,MD
2013-10-12 18:38:00,T821267T,400 BROADWAY,Baltimore,MD
2013-06-10 09:18:00,83719R T,400 HOWARD ST,Baltimore,MD
2013-07-14 12:40:00,PT80274T,6100 ALTA AVE,Baltimore,MD
2013-11-21 12:47:00,A195048,3800 WOODLAND AVE,Baltimore,MD
2013-05-31 18:42:00,XKB53936,U/B WEST ST,Baltimore,MD
2013-11-07 04:27:00,6BC4818,U/B BRISTOL AVE,Baltimore,MD
2013-05-04 16:46:00,1ETJ09,3900 EASTERN AVE,Baltimore,MD
2013-05-03 21:37:00,9AK4189,100 HOPKINS PL,Baltimore,MD
2013-03-27 08:14:00,5AZ1650,Liberty Heights Ave EB @ Dukel,Baltimore,MD
2013-11-08 00:22:00,ULZ900,3200 GOUGH ST,Baltimore,MD
2013-11-27 13:32:00,4BF3256,300 CHARLES ST,Baltimore,MD
2013-06-02 15:23:00,7AZ2761,400 BOND ST,Baltimore,MD
2013-06-17 10:37:00,XEB4316,2800 CALVERT ST,Baltimore,MD
2013-12-27 16:32:00,1AA4334,800 N EUTAW ST,Baltimore,MD
2013-04-02 09:23:00,7AN8759,00 HANOVER ST,Baltimore,MD
2013-09-19 13:05:00,906461M,200 REDWOOD ST,Baltimore,MD
2013-06-17 10:38:00,489M410,1800 RIGGS AVE,Baltimore,MD
2013-12-03 08:50:00,6BSA25,300 LINWOOD AVE,Baltimore,MD
2013-12-02 14:30:00,PNU6735,1600 LAMLEY ST,Baltimore,MD
2013-05-18 01:52:00,T798621T,2200 KIRK AVE,Baltimore,MD
2013-04-26 16:03:00,8BA6854,800 ENSOR ST,Baltimore,MD
2013-05-23 19:23:00,8AN1173,700 CENTRAL AVE,Baltimore,MD
2013-07-30 21:03:00,07W632,200 WILSON ST,Baltimore,MD
2013-03-15 15:45:00,9AS7141,N Hilton NB n of Monastery Ave,Baltimore,MD
2013-05-22 20:52:00,5AY9297,3100 ST PAUL ST,Baltimore,MD
2013-10-19 17:51:00,WPW6452,U/B HAMBURG ST,Baltimore,MD
2013-10-15 11:34:00,T671022T,706 LUZERNE AVE,Baltimore,MD
2013-10-30 20:41:00,7AA1258,300 CALVERT ST,Baltimore,MD
2013-12-19 12:44:00,LRF953,800 BROADWAY,Baltimore,MD
2013-12-16 12:25:00,1BD3854,2800 WALBROOK AVE,Baltimore,MD
2013-12-31 09:10:00,3AW9229,3600 GREENWAY,Baltimore,MD
2013-10-02 09:23:00,2AZ1831,100 LEXINGTON ST,Baltimore,MD
2013-05-09 15:14:00,2EAJ41,U/B CALVERT ST,Baltimore,MD
2013-04-01 11:00:00,3BA2505,200 S CAROLINE,Baltimore,MD
2013-05-06 11:19:00,873WVR,3300 WESTERWALD AVE,Baltimore,MD
2013-09-05 12:39:00,32102HT,2100 FEDERAL ST,Baltimore,MD
2013-09-25 17:16:00,1AP8716,U/B CHASE ST,Baltimore,MD
2013-07-14 08:12:00,37108M2,800 RADNOR AVE,Baltimore,MD
2013-10-25 12:41:00,4AX5169,U/B 22ND ST,Baltimore,MD
2013-04-16 09:13:00,T449944T,500 ELLWOOD AVE,Baltimore,MD
2013-09-13 10:44:00,3BC8697,3300 ST PAUL ST,Baltimore,MD
2013-11-22 21:43:00,LVE460,900 CATHEDRAL ST,Baltimore,MD
2013-11-06 01:23:00,2A08311T,U/B BALTIMORE ST,Baltimore,MD
2013-04-01 09:39:00,26S968,S Hilton St SB @ Massachusetts,Baltimore,MD
2013-09-20 12:03:00,T866575T,1100 MCCULLOH ST,Baltimore,MD
2013-09-19 21:00:00,3CMG82,1100 BOLTON ST,Baltimore,MD
2013-05-21 08:19:00,XHL1467,200 23RD ST,Baltimore,MD
2013-05-24 21:18:00,4660LU,800 PARK AVE,Baltimore,MD
2013-07-25 09:43:00,74625Z,3200 BANK ST,Baltimore,MD
2013-08-14 08:22:00,835M735,400 MOUNT ST,Baltimore,MD
2013-09-17 12:29:00,2AT5581,1200 CHARLES ST,Baltimore,MD
2013-04-26 21:48:00,GPB9100,1000 CATHEDRAL ST,Baltimore,MD
2013-02-04 08:57:00,OUF783,1300 ST PAUL ST,Baltimore,MD
2013-08-05 17:16:00,AD9F7D,700 PRATT ST,Baltimore,MD
2013-12-23 19:19:00,3BXG85,O/S 2401 BELAIR ROAD,Baltimore,MD
2013-03-21 08:17:00,9AZ1388,Reisterstown SB @ Druid Park D,Baltimore,MD
2013-09-24 11:10:00,YDU24W,2500 CHARLES ST,Baltimore,MD
2013-06-01 11:04:00,4AW0635,19 FAYETTE ST,Baltimore,MD
2013-12-10 12:33:00,3BE8184,4200 FURLEY AVE,Baltimore,MD
2013-11-13 13:06:00,3BD0425,3600 FALLSTAFF RD,Baltimore,MD
2013-12-12 08:09:00,34411CE,1300 ELLWOOD AVE,Baltimore,MD
2013-07-05 09:28:00,7AP7291,3600 STOKES DR,Baltimore,MD
2013-10-16 08:58:00,X311459,600 HARVEY ST,Baltimore,MD
2013-08-27 08:40:00,3AZ2094,2900 ROSALIND AVE,Baltimore,MD
2013-11-15 10:39:00,5AK1094,U/B CALVERT ST,Baltimore,MD
2013-09-25 19:35:00,CAR5566,800 BROADWAY,Baltimore,MD
2013-06-07 16:48:00,19061CD,100 BALTIMORE ST,Baltimore,MD
2013-03-22 09:18:00,5ETM03,227 S WASHINGTON ST,Baltimore,MD
2013-07-27 16:38:00,1AF3910,100 HAMILTON ST,Baltimore,MD
2013-10-10 13:11:00,5918Y,800 BOND ST,Baltimore,MD
2013-04-29 14:51:00,7AN3468,1500 WOODYEAR ST,Baltimore,MD
2013-12-23 10:30:00,5AD5684,E/S 3100 N CALVERT ST,Baltimore,MD
2013-09-07 14:46:00,CG6M1E,3200 EASTERN AVE,Baltimore,MD
2013-04-29 09:05:00,6AK5192,200 ROBERT ST,Baltimore,MD
2013-03-29 13:27:00,5AS0390,Harford Rd SB @ Kentucky Ave,Baltimore,MD
2013-08-19 08:49:00,9BB7665,1300 MONTFORD AVE,Baltimore,MD
2013-08-02 12:22:00,3AS4326,2500 MCCULLOH ST,Baltimore,MD
2013-03-08 14:08:00,4AR1287,AuchentorolyNB n of GwynnsFall,Baltimore,MD
2013-11-05 10:44:00,38660CE,3200 GUILFORD AVE,Baltimore,MD
2013-12-03 08:12:00,6BD0513,100 COLLINGTON AVE,Baltimore,MD
2013-10-28 17:44:00,1DBJ04,1100 CHARLES ST,Baltimore,MD
2013-05-06 13:14:00,T834589T,1600 COLD SPRING LN,Baltimore,MD
2013-03-11 15:50:00,4AW0921,800 GREENMOUNT AVE,Baltimore,MD
2013-10-02 13:54:00,FBG9527,U/B 26TH ST,Baltimore,MD
2013-09-09 16:55:00,1AP8907,300 WATER ST,Baltimore,MD
2013-05-04 03:56:00,6AZ2184,1400 RUSSELL ST,Baltimore,MD
2013-08-20 21:38:00,FYT4454,600 LAKEWOOD AVE,Baltimore,MD
2013-06-03 12:18:00,8AP0226,1501 NORTH AVE,Baltimore,MD
2013-12-11 12:43:00,9AG1921,100 E REDWOOD,Baltimore,MD
2013-12-08 11:31:00,3BC8717,3400 DILLON ST,Baltimore,MD
2013-12-14 16:45:00,8AJ8160,800 WOLFE ST,Baltimore,MD
2013-11-26 12:43:00,2DWZ19,600 FAYETTE ST,Baltimore,MD
2013-04-19 14:15:00,A209609,1560 WOODYEAR ST,Baltimore,MD
2013-12-10 09:21:00,85182Z,PENNSYLVANA LAURENS,Baltimore,MD
2013-12-01 21:02:00,BDCY93,100 RANDALL ST,Baltimore,MD
2013-09-03 19:59:00,5DZ487,3600 ROLAND AVE,Baltimore,MD
2013-04-08 21:51:00,5AZ1553,1000 FLEET ST,Baltimore,MD
2013-12-10 11:20:00,9AP6693,U/B READ ST,Baltimore,MD
2013-10-24 10:10:00,6AX4809,U/B JFB LOT,Baltimore,MD
2013-11-07 00:17:00,FL2326,1300 RACE ST,Baltimore,MD
2013-11-08 09:47:00,7AZ4993,2267 KIRK AVE,Baltimore,MD
2013-07-31 17:02:00,JFJ3597,600 EXETER ST,Baltimore,MD
2013-11-02 10:00:00,R50ATS,U/B FRANKLIN ST,Baltimore,MD
2013-05-25 15:47:00,2AX3597,500 LIGHT ST,Baltimore,MD
2013-03-07 09:15:00,9AL7156,AuchentorolyNB n of GwynnsFall,Baltimore,MD
2013-10-17 14:42:00,3AA0606,2200 PELHAM AVE,Baltimore,MD
2013-04-23 13:45:00,HMP9210,900 ALICEANNA ST,Baltimore,MD
2013-09-06 08:40:00,04130M8,3500 POWHATAN AVE,Baltimore,MD
2013-08-21 13:03:00,4MD5668,U/B FAYETTE ST,Baltimore,MD
2013-12-31 11:42:00,XAK5070,2100 JEFFERSON ST,Baltimore,MD
2013-11-23 14:29:00,N50APL,U/B CROSS ST,Baltimore,MD
2013-10-24 17:20:00,2AR6315,3400 BANK ST,Baltimore,MD
2013-08-12 11:55:00,7AR7444,6315 EASTERN AVE,Baltimore,MD
2013-10-11 12:55:00,3BB1008,1200 DRUID HILL AVE,Baltimore,MD
2013-11-19 12:22:00,5AW5775,3100 FEDERAL ST,Baltimore,MD
2013-04-30 14:26:00,322YUD,300 BALTIMORE ST,Baltimore,MD
2013-02-25 13:21:00,9AT0339,N Howard St SB @ John St,Baltimore,MD
2013-06-10 08:12:00,2AH3834,1800 WASHINGTON ST,Baltimore,MD
2013-12-31 08:22:00,2BF7015,2800 JEFFERSON ST,Baltimore,MD
2013-11-07 14:17:00,6BF4353,800 BOND ST,Baltimore,MD
2013-02-27 09:49:00,44370,400 ELMHURST RD,Baltimore,MD
2013-09-03 11:01:00,1AN5209,4300 HILLEN RD,Baltimore,MD
2013-09-23 09:20:00,4GNM044,E/S 3512 ELMS,Baltimore,MD
2013-12-19 15:52:00,2AN2164,400 HIGHLAND AVE,Baltimore,MD
2013-07-14 13:15:00,6EPG19,5900 LILLYAN AVE,Baltimore,MD
2013-10-11 12:01:00,T875317T,2600 AISQUITH ST,Baltimore,MD
2013-08-08 11:29:00,3AY3815,1100 PRATT ST,Baltimore,MD
2013-02-25 07:57:00,2302370T,3600 FAYETTE ST,Baltimore,MD
2013-09-16 11:22:00,1AZ2784,300 MULBERRY ST,Baltimore,MD
2013-07-17 16:49:00,P39BXV,300 ST PAUL PL,Baltimore,MD
2013-03-22 16:12:00,35608CE,Harford Rd SB @ Kentucky Ave,Baltimore,MD
2013-12-21 08:33:00,55X312,700 CENTRAL AVE,Baltimore,MD
2013-10-16 18:25:00,1AP6827,5100  SINCLAIR LN,Baltimore,MD
2013-06-17 11:16:00,AE 73331,3300 DUDLEY AVE,Baltimore,MD
2013-03-23 01:44:00,CSC455,E/S 400 MERRYMAND LANE,Baltimore,MD
2013-04-27 11:42:00,CMD1452,3500 GREENMOUNT AVE,Baltimore,MD
2013-02-13 02:50:00,2302309T,4417 MARBLE HALL,Baltimore,MD
2013-08-09 11:30:00,7AL1412,O/S 100 N EUTAW,Baltimore,MD
2013-09-18 09:17:00,6BA6349,6100 PARKWAY DR,Baltimore,MD
2013-03-29 08:53:00,6AZC41,"The Alameda NB, n of Crestlyn",Baltimore,MD
2013-04-14 17:32:00,HHH6790,1600 THAMES ST,Baltimore,MD
2013-04-12 08:04:00,5BA6881,500 HIGHLAND AVE,Baltimore,MD
2013-03-28 15:56:00,GYS390,Orleans St WB @ Kenwood Ave,Baltimore,MD
2013-07-25 08:48:00,7BD3662,3800 PRATT ST,Baltimore,MD
2013-12-11 22:09:00,299M832,E/S 5100 PERRING PWY,Baltimore,MD
2013-11-27 14:05:00,BBL2268,311 BAYLIS ST,Baltimore,MD
2013-02-26 21:36:00,6AW2257,001 CALVERT ST,Baltimore,MD
2013-11-24 13:53:00,4AE7553,1200 KEY HWY,Baltimore,MD
2013-08-12 16:50:00,7AZ4533,E/S 1600 EASTERN AVE,Baltimore,MD
2013-07-20 19:21:00,LUV4CAM,1 GREENE ST,Baltimore,MD
2013-10-13 11:41:00,1AL1374,200 MT ROYAL AVE,Baltimore,MD
2013-06-18 21:23:00,2BA0564,900 CHARLES ST,Baltimore,MD
2013-07-31 19:06:00,GBH6726,700 MCHENRY ST,Baltimore,MD
2013-06-05 16:21:00,T741865T,400 BALTIMORE ST,Baltimore,MD
2013-07-02 11:58:00,J16AVU,100 EUTAW ST,Baltimore,MD
2013-08-01 10:09:00,3AW9117,2700 UHLER AVE,Baltimore,MD
2013-12-17 10:27:00,T951998T,300 GUILFORD AVE,Baltimore,MD
2013-11-19 08:36:00,7AZ4218,700 RESERVOIR ST,Baltimore,MD
2013-10-08 07:24:00,7AR9801,500 CAROLINE ST,Baltimore,MD
2013-02-13 20:54:00,63548CE,600 EUTAW ST,Baltimore,MD
2013-12-21 02:44:00,21065CC,U/B PRESTON ST,Baltimore,MD
2013-04-11 16:20:00,91559Z,1100 LOMBARD ST,Baltimore,MD
2013-11-03 19:54:00,369M624,E/S 1100 E FORT AVE,Baltimore,MD
2013-11-21 12:52:00,1BB1804,3800 WOODLAND AVE,Baltimore,MD
2013-06-28 20:51:00,740WVX,200 LAURENS ST,Baltimore,MD
2013-01-29 14:07:00,36781Z,400 CONKLING ST,Baltimore,MD
2013-12-20 10:14:00,VYT3314,00 N PAUL ST,Baltimore,MD
2013-12-31 11:42:00,2BF4293,400 EATON ST,Baltimore,MD
2013-04-22 16:39:00,1AP6613,300 GAY ST,Baltimore,MD
2013-12-27 08:18:00,0VK283,U/B GILMOR ST,Baltimore,MD
2013-09-23 14:14:00,40914Z,200 LEXINGTON ST,Baltimore,MD
2013-02-25 15:28:00,6AF1349,AuchentorolyNB n of GwynnsFall,Baltimore,MD
2013-10-23 13:46:00,2BE1575,2800 MARYLAND AVE,Baltimore,MD
2013-04-10 21:14:00,E43008D,1700 LIGHT ST,Baltimore,MD
2013-09-30 16:58:00,7BB2172,1700 HARFORD AVE,Baltimore,MD
2013-12-06 12:02:00,6AP1476,300 ANN ST,Baltimore,MD
2013-03-25 13:09:00,6US632,Reisterstown Rd SB @ Ocala Ave,Baltimore,MD
2013-06-11 13:55:00,1BB1883,113 HIGH ST,Baltimore,MD
2013-12-23 10:40:00,5BF8057,600 LAURENS ST,Baltimore,MD
2013-12-06 12:59:00,9BD5699,500 27TH ST,Baltimore,MD
2013-04-01 13:26:00,UNVRN0,"The Alameda NB, n of Crestlyn",Baltimore,MD
2013-04-15 14:43:00,13S163,1700 FLEET ST,Baltimore,MD
2013-10-24 09:03:00,9AL4608,4000 WOODRIDGE RD,Baltimore,MD
2013-04-06 11:45:00,058884X,2600 TALBOT RD,Baltimore,MD
2013-10-07 11:14:00,T867694T,1200 PRATT ST,Baltimore,MD
2013-02-09 08:47:00,GCN7461,25 FAYETTE ST,Baltimore,MD
2013-12-15 19:51:00,1AFL80,700 BROADWAY,Baltimore,MD
2013-10-30 15:41:00,N35922 T,U/B COMMERCE ST,Baltimore,MD
2013-07-19 19:13:00,FMW3877,1500 PARK AVE,Baltimore,MD
2013-09-03 11:01:00,7AZ5245,300 BALTIMORE ST,Baltimore,MD
2013-09-30 21:09:00,4BE4378,158 S ATHOL AVE,Baltimore,MD
2013-11-18 10:54:00,4AJ0131,100 30TH ST,Baltimore,MD
2013-02-19 12:03:00,A237415,2500 AISQUITH ST,Baltimore,MD
2013-12-09 08:25:00,9AW2960,5100 LANIER AVE,Baltimore,MD
2013-10-24 13:51:00,2BB5888,300 CALVERT ST,Baltimore,MD
2013-12-26 14:06:00,9CPD17,U/B FAYETTE ST,Baltimore,MD
2013-05-05 11:09:00,8AX4602,1500 LAFAYETTE AVE,Baltimore,MD
2013-09-01 15:32:00,5076E,100 HAMBURG ST,Baltimore,MD
2013-03-07 09:16:00,6AM4529,Windsor Mill Rd WB @ Crimea Rd,Baltimore,MD
2013-09-01 13:30:00,3AZ9759,100 ST ALBANS WAY,Baltimore,MD
2013-07-14 19:22:00,4MD6178,1500 THAMES ST,Baltimore,MD
2013-09-04 09:23:00,T745612T,1200 36TH ST,Baltimore,MD
2013-09-13 17:44:00,1BE3767,500 Lot McElderry and Duncan,Baltimore,MD
2013-08-18 01:05:00,FSH3628,400 WATER ST,Baltimore,MD
2013-06-01 16:54:00,YG8333,3400 ST PAUL ST,Baltimore,MD
2013-10-09 10:17:00,3AZ5631,200 29TH ST,Baltimore,MD
2013-03-16 19:58:00,4AV5786,1 CALVERT ST,Baltimore,MD
2013-03-15 15:30:00,9AZ0053,700 ALICEANNA,Baltimore,MD
2013-12-26 15:38:00,2AZ8754,800 36TH ST,Baltimore,MD
2013-12-29 14:32:00,JFB7366,100 COMMERCE ST,Baltimore,MD
2013-03-06 09:15:00,5AD7319,500 BENTALOU ST,Baltimore,MD
2013-11-12 12:52:00,2BF8914,1300 CHARLES ST,Baltimore,MD
2013-09-18 10:30:00,J52BAC,UNKNOWN,Baltimore,MD
2013-11-05 14:54:00,YPL37D,U/B CROSS ST,Baltimore,MD
2013-05-16 17:19:00,5AX9189,200 EUTAW ST,Baltimore,MD
2013-11-29 12:01:00,53W148,4009 EDMONDSON AVE,Baltimore,MD
2013-02-15 12:48:00,4GCS66,200 LANVALE ST,Baltimore,MD
2013-06-14 11:27:00,7AP7400,U/B GAY ST,Baltimore,MD
2013-09-15 13:55:00,1AAZ09,1802 CHARLES ST,Baltimore,MD
2013-12-31 00:54:00,53N076,2700 OTTAWA AVE,Baltimore,MD
2013-03-05 12:34:00,926659CB,300 HOWARD ST,Baltimore,MD
2013-09-19 22:50:00,760M969,1515 N CHARLES ST,Baltimore,MD
2013-05-24 17:07:00,JCN6668,3600 EASTERN AVE,Baltimore,MD
2013-08-22 08:41:00,5AR1668,100 ANN ST,Baltimore,MD
2013-04-02 13:11:00,3AN7853,AuchentorolyNB n of GwynnsFall,Baltimore,MD
2013-05-21 23:24:00,8AY5969,1800 N FULTON AVE,Baltimore,MD
2013-08-31 10:49:00,E75BMB,1400 MARYLAND AVE,Baltimore,MD
2013-10-23 08:55:00,7AV8111,3500 LOMBARD ST,Baltimore,MD
2013-09-11 21:15:00,GHG9426,700 ANN ST,Baltimore,MD
2013-04-03 21:58:00,5AB9938,E/S 300 W MADISON ST,Baltimore,MD
2013-12-31 11:35:00,63006CA,U/B PRESTON ST,Baltimore,MD
2013-03-21 08:31:00,430M618,Harford Rd SB @ Kentucky Ave,Baltimore,MD
2013-03-29 12:04:00,2CKW61,"The Alameda NB, n of Crestlyn",Baltimore,MD
2013-08-27 12:28:00,1AY2979,900 20TH ST,Baltimore,MD
2013-05-29 20:30:00,DD5233,300 PENN ST,Baltimore,MD
2013-09-10 10:24:00,3BA8042,3500 7TH ST,Baltimore,MD
2013-09-26 10:47:00,71489CE,200 LEXINGTON ST,Baltimore,MD
2013-07-17 19:10:00,6AF0122,200 BROADWAY,Baltimore,MD
2013-07-22 11:15:00,58010M6,2700 OSWEGO AVE,Baltimore,MD
2013-06-06 13:32:00,2AN7673,200 KEY HWY,Baltimore,MD
2013-12-12 00:45:00,5AF1330,500 MONTFORD AVE,Baltimore,MD
2013-07-30 10:02:00,4AG9821,100 MONUMENT ST,Baltimore,MD
2013-02-21 08:53:00,4AW0994,1200 STRICKER ST,Baltimore,MD
2013-04-19 12:30:00,39976M7,400 BROADWAY,Baltimore,MD
2013-05-28 08:55:00,4AX1156,800 BRICE ST,Baltimore,MD
2013-08-23 10:16:00,609M325,5100 LEVINDALE RD,Baltimore,MD
2013-03-14 12:37:00,34560M9,2922 RIDGEWOOD AVE,Baltimore,MD
2013-01-22 13:49:00,3AW0743,00 REDWOOD ST,Baltimore,MD
2013-02-27 08:35:00,HYJ1309,4000 HICKORY AVE,Baltimore,MD
2013-11-02 17:45:00,8AY2814,3500 CHESTNUT AVE,Baltimore,MD
2013-11-08 13:31:00,Z99ALR,3200 ST PAUL ST,Baltimore,MD
2013-04-26 13:06:00,3AW6455,800 BROADWAY,Baltimore,MD
2013-08-17 23:18:00,5BA1785,300 WARREN AVE,Baltimore,MD
2013-11-16 20:46:00,5AR3546,5000 NORTHWOOD DR,Baltimore,MD
2013-07-06 21:10:00,1BB2344,600 PACA ST,Baltimore,MD
2013-12-27 13:05:00,XSB4978,U/B LEXINGTON ST,Baltimore,MD
2013-12-29 13:42:00,7AA2445,402 CAMDEN ST,Baltimore,MD
2013-05-13 12:11:00,7FVG20,1400 JOHN ST,Baltimore,MD
2013-03-12 08:51:00,GDX809,2700 O'DONNELL ST,Baltimore,MD
2013-10-20 19:57:00,3BB0695,901 CATHEDRAL ST,Baltimore,MD
2013-10-30 10:59:00,9BE0183,800 LEXINGTON ST,Baltimore,MD
2013-10-07 17:33:00,6AK5661,5100 ROLAND AVE,Baltimore,MD
2013-08-10 21:39:00,XFH1114,1600 HANOVER ST,Baltimore,MD
2013-08-07 09:21:00,T781702T,400 RANDOM RD,Baltimore,MD
2013-11-19 19:21:00,DJH2480,200 BROADWAY,Baltimore,MD
2013-12-24 15:04:00,7AV2040,U/B PACA ST,Baltimore,MD
2013-12-31 13:20:00,9FHY99,U/B 22ND ST,Baltimore,MD
2013-10-29 19:41:00,4AV9482,1700 ST PAUL ST,Baltimore,MD
2013-09-22 00:09:00,FLT864,1800 WALBROOK AVE,Baltimore,MD
2013-12-31 09:21:00,6BE5656,2700 THE ALAMEDA,Baltimore,MD
2013-12-06 13:00:00,8AJ1837,1000 CHARLES ST,Baltimore,MD
2013-11-29 08:26:00,6BF9314,1100 CAREY ST,Baltimore,MD
2013-07-02 07:41:00,7AN0001,4500 REISTERSTOWN RD,Baltimore,MD
2013-12-26 16:59:00,1AH7895,600 BALTIMORE ST,Baltimore,MD
2013-10-11 22:17:00,LEE092,U/B HAMBURG ST,Baltimore,MD
2013-12-29 15:30:00,T932791T,E/S 600 POPLAR GROVE,Baltimore,MD
2013-07-13 11:35:00,93018CD,200 CONKLING ST,Baltimore,MD
2013-11-17 18:32:00,JRD5697,1700 THAMES ST,Baltimore,MD
2013-03-19 09:25:00,31485CC,5500 BELLE AVE,Baltimore,MD
2013-10-04 22:16:00,PW91662,2800 ROSALIND AVE,Baltimore,MD
2013-03-18 12:22:00,1AZ2837,2500 PACA ST,Baltimore,MD
2013-10-07 11:47:00,8AZ0134,2400 WINDSOR AVE,Baltimore,MD
2013-11-08 10:59:00,T924151,1600 COLD SPRING LN,Baltimore,MD
2013-12-24 13:29:00,9AS3072,1700 LAMLEY ST,Baltimore,MD
2013-12-11 12:00:00,3FRV82,1000 STIRLING ST,Baltimore,MD
2013-04-23 09:46:00,9AL6035,5100 LAUREL AVE,Baltimore,MD
2013-03-22 18:40:00,1AY5371,"WoodbourneWB, e of Northwood D",Baltimore,MD
2013-11-18 08:29:00,6KTF177,2400 BARCLAY ST,Baltimore,MD
2013-03-18 13:37:00,60124Z,1600 THAMES ST,Baltimore,MD
2013-11-18 09:09:00,8EBD19,1200 CHARLES ST,Baltimore,MD
2013-10-10 09:08:00,9MD2819,300 CALVERT ST,Baltimore,MD
2013-02-12 14:32:00,2BWH 10,00 COMMERCE ST,Baltimore,MD
2013-12-17 10:36:00,7BE6703,COMMERCE ST,Baltimore,MD
2013-12-02 20:07:00,94708CE,1400 PATAPSCO ST,Baltimore,MD
2013-09-29 12:12:00,52K191,700 CENTRAL AVE,Baltimore,MD
2013-11-08 14:15:00,64483CE,400 CHESTER ST,Baltimore,MD
2013-09-22 23:12:00,T877514T,U/B GAY ST,Baltimore,MD
2013-06-18 09:50:00,HTJ9290,600 PARK AVE,Baltimore,MD
2013-05-20 10:16:00,2AH6733,4800 LINDSAY RD,Baltimore,MD
2013-11-25 09:15:00,83W818,1100 ST PAUL ST,Baltimore,MD
2013-04-13 08:36:00,DP4051,100 FRANKLIN ST,Baltimore,MD
2013-11-13 12:04:00,2AN8141,2500 FAIT AVE,Baltimore,MD
2013-08-09 14:47:00,39416Z,208 N EUTAW ST,Baltimore,MD
2013-12-13 08:07:00,9BB0318,1500 HOMESTEAD ST,Baltimore,MD
2013-03-18 10:57:00,T553649T,1600 COLD SPRING LN,Baltimore,MD
2013-12-27 23:15:00,4ECS67,U/B COMMERCE ST,Baltimore,MD
2013-06-12 18:51:00,4AN0977,400 BROADWAY,Baltimore,MD
2013-03-29 16:19:00,2MD1092,N Hilton NB n of Monastery Ave,Baltimore,MD
2013-05-23 13:07:00,FZJ2678,1100 CHARLES ST,Baltimore,MD
2013-11-02 16:53:00,XHT6320,100 MT ROYAL AVE,Baltimore,MD
2013-08-30 13:13:00,452335 T,U/B COMMERCE ST,Baltimore,MD
2013-11-20 17:48:00,1A78573T,1000 LIGHT ST,Baltimore,MD
2013-08-29 08:26:00,T826360T,1100 CHASE ST,Baltimore,MD
2013-07-07 11:02:00,CMZ262,4200 SHAMROCK AVE,Baltimore,MD
2013-02-05 11:38:00,BEB6064,500 SHARP ST,Baltimore,MD
2013-06-12 11:00:00,QX 267,100 MT ROYAL AVE,Baltimore,MD
2013-12-13 13:32:00,4BG8622,1400 BALTIMORE ST,Baltimore,MD
2013-02-19 10:25:00,2AV3303,2800 LIBERTY HGTS AVE,Baltimore,MD
2013-08-13 09:38:00,DPE948,5100 SUNSET RD,Baltimore,MD
2013-10-10 10:34:00,104651,1500 MASON ST,Baltimore,MD
2013-12-17 23:03:00,8BE7256,800 WASHINGTON BLVD,Baltimore,MD
2013-10-24 10:45:00,4AG5275,E/S 5000 PERRING PKWY,Baltimore,MD
2013-12-02 09:45:00,34534CD,U/B CHASE ST,Baltimore,MD
2013-03-30 17:37:00,46408CC,Loch Raven Blvd NB @ Walker Av,Baltimore,MD
2013-07-19 10:17:00,GHF156,U/B 39TH ST,Baltimore,MD
2013-08-12 19:21:00,BED2551,U/B PACA ST,Baltimore,MD
2013-07-19 14:12:00,2A15322,200 ALBEMARLE ST,Baltimore,MD
2013-03-15 08:18:00,4AT2604,UB E READ ST,Baltimore,MD
2013-07-28 19:37:00,EZM9230,700 LEAKIN ST,Baltimore,MD
2013-09-17 10:28:00,1AJ9976,3800 BONNER RD,Baltimore,MD
2013-08-18 22:47:00,5AV2332,800 ALICEANNA ST,Baltimore,MD
2013-02-20 13:04:00,9AJ2758,00 27TH ST,Baltimore,MD
2013-03-13 15:20:00,4AY2431,300 CORNWALL ST,Baltimore,MD
2013-05-22 13:40:00,3EDC05,U/B FAYETTE ST,Baltimore,MD
2013-04-07 09:11:00,2AY4743,UB N HOLLIDAY ST,Baltimore,MD
2013-09-23 08:40:00,GMD402,U/B POTOMAC ST,Baltimore,MD
2013-10-17 11:36:00,29W733,400 BENTALOU ST,Baltimore,MD
2013-11-16 11:14:00,121116,U/B CROSS ST,Baltimore,MD
2013-08-03 20:17:00,WVH1715,600 EXETER ST,Baltimore,MD
2013-07-21 00:37:00,XAK6674,600 WOLFE ST,Baltimore,MD
2013-08-14 14:42:00,8BA2026,800 WOLFE ST,Baltimore,MD
2013-11-19 19:38:00,9EVL56,900 CHARLES ST,Baltimore,MD
2013-03-01 08:53:00,9AE0147,200 EUTAW ST,Baltimore,MD
2013-08-21 11:16:00,T697675T,3415 LOMBARD ST,Baltimore,MD
2013-07-24 08:12:00,T780221T,1500 GUILFORD AVE,Baltimore,MD
2013-11-12 04:40:00,8AJ1105,E/S 100 BLOCK W BIDDLE ST,Baltimore,MD
2013-12-14 03:34:00,8BB4926,1600 CLARKSON ST,Baltimore,MD
2013-12-06 16:12:00,2BE8409,1000 LOMBARD ST,Baltimore,MD
2013-12-27 10:02:00,3BE3518,400 GUILFORD AVE,Baltimore,MD
2013-08-22 12:49:00,ZZN2846T,700 EUTAW ST,Baltimore,MD
2013-03-25 09:31:00,3BA3950,100 MOUNT ST,Baltimore,MD
2013-04-15 11:45:00,NOTAGSDI,1700 LAFAYETTE AVE,Baltimore,MD
2013-08-02 19:02:00,7DFW56,700 LOMBARD ST,Baltimore,MD
2013-11-13 13:55:00,7BA4790,300 PRESTON ST,Baltimore,MD
2013-05-08 20:27:00,43606CD,700 PRESIDENT ST,Baltimore,MD
2013-12-11 07:56:00,9BD5701,U/B WOODINGTON RD,Baltimore,MD
2013-12-17 01:27:00,3AC9923,3100 FOSTER AVE,Baltimore,MD
2013-06-12 09:21:00,75407Z,1746 BANK ST,Baltimore,MD
2013-08-29 15:55:00,GFW4294,E/S 100 PRESIDENT STREET,Baltimore,MD
2013-07-06 12:00:00,20234HT,NOT VISIBLE,Baltimore,MD
2013-12-07 00:29:00,6AR1823,3000 E UNIVERSITY PKWY,Baltimore,MD
2013-07-12 19:35:00,8AZ9141,1200 S CHARLES ST,Baltimore,MD
2013-12-30 00:30:00,LEM137,3400 CHESTNUT AVE,Baltimore,MD
2013-03-12 10:15:00,XSX2572,3600 BEECH AVE,Baltimore,MD
2013-02-21 08:40:00,6AM5109T,3300 LOMBARD ST,Baltimore,MD
2013-12-06 03:28:00,8BD4078,3700 HICKORY AVE,Baltimore,MD
2013-08-30 13:16:00,5AJ6420,400 ANGLESEA ST,Baltimore,MD
2013-02-26 11:55:00,2AY9687,200 21ST ST,Baltimore,MD
2013-05-30 16:21:00,NNE601,200 CHARLES ST,Baltimore,MD
2013-03-20 10:00:00,6AD5483,1700 FREDERICK AVE,Baltimore,MD
2013-02-26 12:36:00,35122MO,000 EUTAW ST,Baltimore,MD
2013-09-09 13:00:00,JDN4457,3400 GREENWAY,Baltimore,MD
2013-06-06 10:47:00,9AE2882,300 MARYDELL RD,Baltimore,MD
2013-12-21 17:23:00,6BE8988,U/B 35TH ST,Baltimore,MD
2013-07-29 11:42:00,03600Y,700 BROADWAY,Baltimore,MD
2013-05-23 11:42:00,3AS3295,300 BALTIMORE ST,Baltimore,MD
2013-06-04 11:54:00,3AR5701,300 20TH ST,Baltimore,MD
2013-04-30 09:43:00,A061152,U/B PACA ST,Baltimore,MD
2013-04-11 11:43:00,7AZ6124,800 PRATT ST,Baltimore,MD
2013-12-24 03:53:00,1GDD55,3200 BALTIMORE ST,Baltimore,MD
2013-12-04 15:26:00,6GCT60,U/B JONES FALL LOT,Baltimore,MD
2013-12-26 11:48:00,2AD0895,4100 MASSACHUSETTS AVE,Baltimore,MD
2013-03-28 10:22:00,3AW9567,5100 PERRING PKWY,Baltimore,MD
2013-02-16 16:34:00,7FBF70,1900 BANK ST,Baltimore,MD
2013-09-05 14:00:00,55312Z,U/B EAGER ST,Baltimore,MD
2013-07-18 18:24:00,2BYG81,1700 MADISON ST,Baltimore,MD
2013-10-23 09:26:00,5BD6285,608 GOLD ST,Baltimore,MD
2013-12-22 11:29:00,5CHL88,1500 WOODBOURNE AVE,Baltimore,MD
2013-04-19 13:23:00,T713192T,900 GREENMOUNT AVE,Baltimore,MD
2013-07-29 11:44:00,BRP0445,U/B PAYSON ST,Baltimore,MD
2013-09-06 21:03:00,6AD5484,100 39TH ST,Baltimore,MD
2013-09-05 18:53:00,LBD758,100 OSTEND ST,Baltimore,MD
2013-07-11 16:04:00,5BB6440,100 CHARLES ST,Baltimore,MD
2013-06-28 10:39:00,JFF6910,4000 MASSACHUSETTS AVE,Baltimore,MD
2013-10-08 14:34:00,8AH6049,400 EATON ST,Baltimore,MD
2013-03-29 07:37:00,HXP6341,Orleans St WB @ Kenwood Ave,Baltimore,MD
2013-05-24 07:50:00,KWL874,1600 LIGHT ST,Baltimore,MD
2013-12-10 21:58:00,17920CD,100 ELLWOOD AVE,Baltimore,MD
2013-05-19 09:53:00,685M379,800 ALICEANNA ST,Baltimore,MD
2013-03-29 00:35:00,2AR3738,Reisterstown Road NB @ Menlo S,Baltimore,MD
2013-03-01 08:18:00,2AH8451,3800 FAIRVIEW AVE,Baltimore,MD
2013-10-16 13:39:00,7AV3257,5000 HILLEN RD,Baltimore,MD
2013-12-21 18:27:00,2AV3437,300 REDWOOD ST,Baltimore,MD
2013-06-24 12:02:00,7AZ9597,2700 BIDDLE ST,Baltimore,MD
2013-12-02 17:11:00,5BKC82,5100 ROLAND AVE,Baltimore,MD
2013-10-31 10:27:00,3AG1282,21 N CLINTON ST,Baltimore,MD
2013-08-01 09:45:00,1AP9546,100 PRESIDENT ST,Baltimore,MD
2013-12-17 18:04:00,4AR0288,300 BROADWAY,Baltimore,MD
2013-12-09 18:00:00,1DFT62,404 WASHINGTON ST,Baltimore,MD
2013-03-26 18:07:00,XHT6320,1400 MARYLAND AVE,Baltimore,MD
2013-05-24 09:35:00,3DKZ68,200 GREENE ST,Baltimore,MD
2013-12-14 21:23:00,4AT9969,700 LAKEWOOD AVE,Baltimore,MD
2013-12-22 23:11:00,5AV6207,U/B COMMERCE ST,Baltimore,MD
2013-11-09 22:12:00,9AR3398,1100 ST PAUL ST,Baltimore,MD
2013-05-21 12:17:00,9AW4689,3200 Lot Waverly,Baltimore,MD
2013-08-16 12:00:00,6AP3379,1932 LIGHT ST REAR OF,Baltimore,MD
2013-05-28 09:17:00,T778175T,3600 ROLAND AVE,Baltimore,MD
2013-04-21 05:51:00,69T088,4400 WRENWOOD AVE,Baltimore,MD
2013-11-20 17:41:00,3BF7441,500 WILSON ST,Baltimore,MD
2013-07-02 13:24:00,7AS1198,1800 LAFAYETTE AVE,Baltimore,MD
2013-09-03 07:56:00,3AC2049,2700 THE ALAMEDA,Baltimore,MD
2013-01-30 13:02:00,9AN7165,700 CATHEDRAL ST,Baltimore,MD
2013-10-02 18:57:00,JCW7302,3400 ST PAUL ST,Baltimore,MD
2013-03-29 19:05:00,5EEM60,Windsor Mill Rd EB @ Crimea Rd,Baltimore,MD
2013-11-15 08:42:00,7AM5554,1200 EAGER ST,Baltimore,MD
2013-08-05 12:14:00,5FMP85,1700 CHASE ST,Baltimore,MD
2013-11-17 00:31:00,5AY6189,400 Lot JFA,Baltimore,MD
2013-08-01 18:32:00,64794R T,1700 THAMES ST,Baltimore,MD
2013-05-24 09:43:00,T757773T,500 DENISON ST,Baltimore,MD
2013-11-29 10:52:00,MRG359,1000 CENTRAL AVE,Baltimore,MD
2013-07-01 13:34:00,1BA8557,U/B WILKES LN,Baltimore,MD
2013-03-22 13:35:00,5AY9957,2700 PRESTON ST,Baltimore,MD
2013-12-24 08:32:00,5AL1530,800 LENNOX ST,Baltimore,MD
2013-12-19 04:10:00,66985CE,300 GITTINGS ST,Baltimore,MD
2013-09-15 10:11:00,2A11882,100 WEST ST,Baltimore,MD
2013-08-16 13:22:00,4AX8428,5500 BELAIR RD,Baltimore,MD
2013-06-10 20:00:00,2BB4536,E/S 1700 BROADWAY ST,Baltimore,MD
2013-04-01 18:49:00,4AZ6173,Druid Hill Ave EB @ Retreat St,Baltimore,MD
2013-03-07 15:01:00,3AY1792,AuchentorolyNB n of GwynnsFall,Baltimore,MD
2013-01-26 12:00:00,0WG589,200 S CALVERT,Baltimore,MD
2013-07-19 11:45:00,87901CA,U/B COMMERCE ST,Baltimore,MD
2013-05-21 08:59:00,9AX4808,2600 BERYL AVE,Baltimore,MD
2013-07-11 08:00:00,8AG5606,3500 POWHATAN AVE,Baltimore,MD
2013-12-26 09:26:00,3AY9759,U/B PACA ST,Baltimore,MD
2013-01-30 14:46:00,5EWF38,3904 GROVELAND AVE,Baltimore,MD
2013-12-21 19:22:00,P20CMF,3200 ST PAUL ST,Baltimore,MD
2013-12-01 17:42:00,ROUGE11,800 BOND ST,Baltimore,MD
2013-08-19 09:20:00,3AG9733,700 BEAVERBROOK RD,Baltimore,MD
2013-07-27 23:25:00,6BXN04,2 CALVERT ST,Baltimore,MD
2013-11-28 14:00:00,6AK4695,3001 SEABURY RD,Baltimore,MD
2013-07-12 23:18:00,LXS5787,600 POPLAR GROVE,Baltimore,MD
2013-07-15 08:23:00,6BA4473,600 POTOMAC ST,Baltimore,MD
2013-04-03 16:31:00,T645958T,800 LOMBARD ST,Baltimore,MD
2013-08-20 12:09:00,8202984,U/B WEST ST,Baltimore,MD
2013-08-10 19:45:00,N35472,1500 THAMES ST,Baltimore,MD
2013-05-24 10:50:00,7AK660,230 N EUTAW,Baltimore,MD
2013-07-15 01:15:00,DEG8489,700 POPLAR GROVE,Baltimore,MD
2013-08-02 12:27:00,1DRR90,1300 HANOVER ST,Baltimore,MD
2013-12-18 10:53:00,270215,2800 CRESMONT AVE,Baltimore,MD
2013-09-26 09:57:00,WSC7083,200 EUTAW ST,Baltimore,MD
2013-11-29 09:19:00,5AJ8252,4100 FAIRFAX RD,Baltimore,MD
2013-10-25 13:37:00,BME7842,300 CATHEDRAL ST,Baltimore,MD
2013-10-17 09:56:00,8AT1302,600 LAURENS ST,Baltimore,MD
2013-08-11 23:08:00,5BB1259,U/B CALVERT ST,Baltimore,MD
2013-12-30 20:28:00,3AT7226,3100 ST PAUL ST,Baltimore,MD
2013-02-01 12:49:00,EUM3255,500 SARATOGA ST/GREENE LOT,Baltimore,MD
2013-11-04 12:41:00,6BD0674,2100 PRESTON ST,Baltimore,MD
2013-07-22 13:19:00,4AX1164,2000 LEXINGTON ST,Baltimore,MD
2013-07-19 08:30:00,2AN2563,4000 BONNER RD,Baltimore,MD
2013-05-03 12:31:00,3AZ4348,400 CATHEDRAL ST,Baltimore,MD
2013-09-25 11:44:00,XLU 2170,1714 PRATT ST,Baltimore,MD
2013-02-25 09:56:00,7AS0366,1000 MORTON ST,Baltimore,MD
2013-07-22 08:19:00,3AR0705,4900 LAUREL AVE,Baltimore,MD
2013-08-30 10:19:00,BAU9538,3200 LOVEGROVE ST,Baltimore,MD
2013-12-14 08:45:00,Z12809,U/B HUGHES ST,Baltimore,MD
2013-11-24 10:35:00,4AH9142,500 PRATT ST,Baltimore,MD
2013-05-22 07:23:00,T755227T,1600 LOMBARD ST,Baltimore,MD
2013-06-07 11:56:00,320M502,1500 COLD SPRING LN,Baltimore,MD
2013-05-03 14:12:00,HOD127 A,200 DAVIS ST,Baltimore,MD
2013-03-21 07:52:00,8AX4109,2700 FENWICK AVE,Baltimore,MD
2013-11-16 13:05:00,34945M0,3100 GREENMOUNT AVE,Baltimore,MD
2013-12-08 11:08:00,5BD1094,1900 CHARLES ST,Baltimore,MD
2013-10-27 09:36:00,9AB4890,5819 CLEARSPRING,Baltimore,MD
2013-03-20 07:20:00,42145M2,00 LINWOOD AVE,Baltimore,MD
2013-11-24 00:02:00,BAL1120,1100 RACE ST,Baltimore,MD
2013-05-24 19:47:00,1AG6989,12 CROSS ST,Baltimore,MD
2013-12-28 22:04:00,A080657,E/S 1200 SOUTH CHARLES ST,Baltimore,MD
2013-02-14 19:15:00,81507Z,1600 MARYLAND AVE,Baltimore,MD
2013-12-20 20:48:00,6AA2373,900 NORTH HILL RD,Baltimore,MD
2013-11-23 20:22:00,JBJ7754,1300 CLARKSON ST,Baltimore,MD
2013-04-09 11:41:00,4FVG42,2000 MCELDERRY ST,Baltimore,MD
2013-12-10 05:43:00,1BA5534,3700 BONVIEW AVE,Baltimore,MD
2013-11-26 18:26:00,DZD9219,921 CHARLES ST,Baltimore,MD
2013-04-29 11:00:00,5AL1893,2200 LIBERTY HGTS AVE,Baltimore,MD
2013-12-24 14:38:00,DPL680,700 CENTRAL AVE,Baltimore,MD
2013-08-06 15:52:00,234M059,U/B CENTRE ST,Baltimore,MD
2013-12-04 09:29:00,7AR0035,501 FAYETTE ST,Baltimore,MD
2013-11-30 20:19:00,4BA8762,100 MONTGOMERY ST,Baltimore,MD
2013-12-07 13:22:00,40836M8,U/B COLLINGTON AVE,Baltimore,MD
2013-11-25 11:11:00,5AY9835,1800 MCKEAN AVE,Baltimore,MD
2013-05-15 10:14:00,8AP1778,500 ALLENDALE ST,Baltimore,MD
2013-12-30 12:12:00,M609588,1301 SHERWOOD AVE,Baltimore,MD
2013-04-21 03:27:00,91P698,1000 EDMONDSON AVE,Baltimore,MD
2013-12-04 16:27:00,9AR1575,200 FULTON AVE,Baltimore,MD
2013-08-03 10:19:00,7AZ6203,O/S 600 BELLE GROVE,Baltimore,MD
2013-10-03 11:52:00,T826813T,3003 CHRISTOPHER AVE,Baltimore,MD
2013-11-05 13:45:00,5BD8586,100 E BALTIMORE ST,Baltimore,MD
2013-12-31 10:03:00,9AG7233,2700 MARYLAND AVE,Baltimore,MD
2013-11-29 07:34:00,20856CF,2600 MADISON ST,Baltimore,MD
2013-09-09 09:16:00,6AG7684,100 20TH ST,Baltimore,MD
2013-08-15 08:14:00,WUM1719,3200 LOMBARD ST,Baltimore,MD
2013-12-24 11:34:00,9BB3129,6300 EASTERN AVE,Baltimore,MD
2013-05-31 12:31:00,8BJP29,1200 AUGUSTA AVE,Baltimore,MD
2013-10-01 17:52:00,A164079,5500 HARFORD RD,Baltimore,MD
2013-06-04 12:51:00,00891M5,1400 HARPER ST,Baltimore,MD
2013-05-27 13:21:00,1BA8574,E/S 2810 E MONUMENT ST,Baltimore,MD
2013-12-17 11:27:00,7GAL62,1000 CHARLES ST,Baltimore,MD
2013-12-14 09:25:00,337M346,3100 CRITTENTON PL,Baltimore,MD
2013-12-17 17:49:00,9AG1333,3200 GREENMOUNT AVE,Baltimore,MD
2013-10-05 16:09:00,5KHT326,800 36TH ST,Baltimore,MD
2013-10-31 09:43:00,4AX2009,100 KOSSUTH ST,Baltimore,MD
2013-11-08 01:52:00,9AT0232,600 ANN ST,Baltimore,MD
2013-11-29 12:09:00,57072M5,300 SMALLWOOD ST,Baltimore,MD
2013-09-15 15:08:00,6BC3212,1100 LEADENHALL ST,Baltimore,MD
2013-11-23 20:53:00,MRR115,900 TYSON ST,Baltimore,MD
2013-05-20 17:16:00,4AS0493,600 PARK AVE,Baltimore,MD
2013-10-11 13:47:00,6AV5004,400 WOLFE ST,Baltimore,MD
2013-11-15 08:23:00,6BF3053,2800 ELLICOTT DWY,Baltimore,MD
2013-11-19 08:35:00,6BE2904,2700 GUILFORD AVE,Baltimore,MD
2013-05-25 09:31:00,6MD4944,200 KEY HWY,Baltimore,MD
2013-11-27 07:56:00,11004Z,1400 MULBERRY ST,Baltimore,MD
2013-11-02 22:11:00,8BD5094,800 BOND ST,Baltimore,MD
2013-12-30 04:29:00,9AAB43,600 KENWOOD AVE,Baltimore,MD
2013-08-19 12:07:00,3BC6978,1400 MT ROYAL AVE,Baltimore,MD
2013-12-11 11:18:00,7AW3862,200 BROADWAY,Baltimore,MD
2013-10-24 14:53:00,T896108T,400 CONKLING ST,Baltimore,MD
2013-05-31 08:43:00,5AY8808,200 COLLINGTON AVE,Baltimore,MD
2013-03-18 14:28:00,48230BY,N Hilton NB n of Monastery Ave,Baltimore,MD
2013-06-09 12:29:00,T778958T,U/B CALVERT ST,Baltimore,MD
2013-09-22 10:37:00,7AJ0692,100 EUTAW ST,Baltimore,MD
2013-11-04 10:13:00,7BD3738,2400 CALVERT ST,Baltimore,MD
2013-11-02 14:22:00,8FDY42,1600 WINFORD RD,Baltimore,MD
2013-04-12 09:29:00,T700010T,700 LUZERNE AVE,Baltimore,MD
2013-07-28 10:29:00,4AW4339,3000 KENYON AVE,Baltimore,MD
2013-07-16 16:13:00,22570HT,1900 HARFORD RD,Baltimore,MD
2013-10-04 16:50:00,3AY3967,200 N EUTAW,Baltimore,MD
2013-06-24 12:15:00,3AY2526,300 CHARLES ST,Baltimore,MD
2013-08-23 07:59:00,9AY4218,1500 FRIENDSHIP ST,Baltimore,MD
2013-10-22 20:08:00,A6775J,800 ALICEANNA ST,Baltimore,MD
2013-06-13 21:18:00,4AD7564,U/B CROSS ST,Baltimore,MD
2013-12-31 11:04:00,73T541,300 ALBEMARLE ST,Baltimore,MD
2013-10-24 07:21:00,4AS0885,U/B FRANKLIN ST,Baltimore,MD
2013-08-22 17:22:00,LBD377,300 LIGHT ST,Baltimore,MD
2013-05-31 08:17:00,9AW6723,1400 EAGER ST,Baltimore,MD
2013-11-01 08:08:00,3BA0439,1800 WOLFE ST,Baltimore,MD
2013-07-19 07:56:00,2AE3949,1900 BOONE ST,Baltimore,MD
2013-12-09 09:14:00,4BVC74,400 CHARLES ST,Baltimore,MD
2013-09-24 09:19:00,5AY9616,600 LAKEWOOD AVE,Baltimore,MD
2013-05-17 12:29:00,9EZL49,1300 CHARLES ST,Baltimore,MD
2013-05-05 11:15:00,SG23812,1000 LIGHT ST,Baltimore,MD
2013-12-06 07:39:00,9BC5700,2000 KENNEDY AVE,Baltimore,MD
2013-03-28 19:15:00,359M931,1300 HANOVER ST,Baltimore,MD
2013-03-12 18:45:00,39120CE,Harford Rd SB @ Kentucky Ave,Baltimore,MD
2013-11-07 10:52:00,3AR9042,2800 BELVEDERE AVE,Baltimore,MD
2013-12-22 14:21:00,6BF0085,3200 GREENMOUNT AVE,Baltimore,MD
2013-04-20 16:02:00,6AP3118,E/S 200 N EUTAW ST,Baltimore,MD
2013-11-15 12:02:00,1BE4820,900 HARLEM AVE,Baltimore,MD
2013-10-30 15:06:00,999483,800 EUTAW ST,Baltimore,MD
2013-12-23 00:12:00,4BE5381,3900 FRISBY ST,Baltimore,MD
2013-10-26 09:33:00,HGH7994,300 WASHINGTON ST,Baltimore,MD
2013-10-15 10:04:00,50562M3,400 W REDWOD ST,Baltimore,MD
2013-11-15 01:08:00,8BD6595,700 BOND ST,Baltimore,MD
2013-12-18 13:50:00,R01LYY,3300 CLARKS LN,Baltimore,MD
2013-10-17 19:24:00,9AK5795,600 FREMONT AVE,Baltimore,MD
2013-10-17 16:56:00,6EDS36,200 MONUMENT ST,Baltimore,MD
2013-11-26 21:43:00,5BD8506,900 EASTERN AVE,Baltimore,MD
2013-03-21 13:14:00,7AT9681,400 HOWARD ST,Baltimore,MD
2013-03-09 10:05:00,7AZ4479,400 GITTINGS ST,Baltimore,MD
2013-07-28 18:13:00,1FRT92,900 STILES ST,Baltimore,MD
2013-03-11 16:09:00,4AW1794,1800 CALVERT ST,Baltimore,MD
2013-12-15 19:01:00,EMM036,U/B OSTEND ST,Baltimore,MD
2013-04-30 12:21:00,9AZ2706,2600 LOYOLA SOUTHWAY,Baltimore,MD
2013-10-24 14:59:00,M711434,2000 FAYETTE ST,Baltimore,MD
2013-04-02 11:12:00,99586CD,AuchentorolySB n of GwynnsFall,Baltimore,MD
2013-02-28 09:05:00,9AW6881,1500 WINCHESTER ST,Baltimore,MD
2013-11-11 11:12:00,A257106,1300 CHARLES ST,Baltimore,MD
2013-11-18 13:24:00,XC805789,2100 HOLLINS ST,Baltimore,MD
2013-09-18 11:42:00,KOO1962,1100 LIGHT ST,Baltimore,MD
2013-02-08 11:17:00,7AMC92,5915 WINTHROPE AVE,Baltimore,MD
2013-12-10 16:42:00,1AP673,1200 CHARLES ST,Baltimore,MD
2013-11-06 11:53:00,4BD5259,800 LOMBARD ST,Baltimore,MD
2013-08-31 23:46:00,8BB5562,U/B CALVERT ST,Baltimore,MD
2013-12-12 13:32:00,6AZ7007,1700 ALICEANNA ST,Baltimore,MD
2013-06-26 09:54:00,8AT6720,600 PARK AVE,Baltimore,MD
2013-07-30 19:00:00,3AP2584,RUSSELL ST,Baltimore,MD
2013-05-19 00:45:00,7AX5200,200 CASTLE ST,Baltimore,MD
2013-05-03 12:22:00,HM1805,400 CATHEDRAL ST,Baltimore,MD
2013-05-06 17:42:00,T746470T,3400 EASTERN AVE,Baltimore,MD
2013-03-26 12:26:00,26849Z,AuchentorolyNB n of GwynnsFall,Baltimore,MD
2013-12-02 11:48:00,45L490,1 CROSS ST,Baltimore,MD
2013-06-10 10:40:00,T727835T,U/B SOUTH ST,Baltimore,MD
2013-11-23 01:28:00,T918859T,400 Lot JFA,Baltimore,MD
2013-09-16 07:27:00,U192WA,100 ST PAUL ST,Baltimore,MD
2013-05-08 10:48:00,2345HT,3300 GUILFORD AVE,Baltimore,MD
2013-04-28 10:19:00,4AN8862,200 MOSHER ST,Baltimore,MD
2013-11-18 10:09:00,5EJN25,100 BALTIMORE ST,Baltimore,MD
2013-04-06 14:23:00,WYG4070,300 WARREN AVE,Baltimore,MD
2013-10-03 18:34:00,1BE5650,3200 FENWICK AVE,Baltimore,MD
2013-06-19 22:01:00,5AK9083,2 HANOVER ST,Baltimore,MD
2013-04-25 07:43:00,1BA8065,1900 LINDEN AVE,Baltimore,MD
2013-04-05 13:02:00,8AK4893,1000 FLEET ST,Baltimore,MD
2013-09-24 20:28:00,T815703,500 SCOTT ST,Baltimore,MD
2013-12-10 02:34:00,3BD1253,1900 BALTIMORE ST,Baltimore,MD
2013-11-01 17:45:00,1FCR73,600 BROADWAY,Baltimore,MD
2013-08-30 14:49:00,1AR7501,300 CALVERT ST,Baltimore,MD
2013-12-04 02:10:00,FZN2997,U/B COMMERCE ST,Baltimore,MD
2013-07-09 10:19:00,9AT1810,U/B PRESTON ST,Baltimore,MD
2013-03-04 10:00:00,BAJ4451,2100 BRIGHTON AVE,Baltimore,MD
2013-03-31 16:56:00,4AX5214,Pulaski Hwy EB @ Moravia Park,Baltimore,MD
2013-10-24 11:34:00,AM776N,2600 HOWARD ST,Baltimore,MD
2013-12-29 20:01:00,7AV9539,600 LIGHT ST,Baltimore,MD
2013-09-25 20:31:00,IQH918,200 PENN ST,Baltimore,MD
2013-11-26 20:19:00,42442M5,3100 FAIT AVE,Baltimore,MD
2013-11-25 14:51:00,ATU0384,1800 LAMLEY ST,Baltimore,MD
2013-06-27 08:46:00,WXX8180,1600 BREVARD ST,Baltimore,MD
2013-10-01 12:56:00,02666M9,U/B CHARLES ST,Baltimore,MD
2013-03-18 16:48:00,1FXN17,3100 ST PAUL ST,Baltimore,MD
2013-11-25 11:41:00,3BG9602,1300 CALVERT ST,Baltimore,MD
2013-12-05 18:36:00,EF4942,1600 COLD SPRING LN,Baltimore,MD
2013-04-08 12:10:00,2BA8439,2200 FEDERAL ST,Baltimore,MD
2013-12-13 11:44:00,5BD2400,700 ROSEDALE ST,Baltimore,MD
2013-04-14 00:43:00,FAMILY1,U/B BIDDLE ST,Baltimore,MD
2013-09-05 20:58:00,67932CE,3100 ST PAUL ST,Baltimore,MD
2013-05-10 16:42:00,18303Y,200 SARATOGA ST,Baltimore,MD
2013-10-23 13:19:00,2AM6081,5800 BANK ST,Baltimore,MD
2013-01-23 09:00:00,8AN1383,5100 SEKOTS RD,Baltimore,MD
2013-11-23 16:42:00,8AZ2649,3300 RAVENWOOD AVE,Baltimore,MD
2013-06-21 07:43:00,1AF4037,2400 GUILFORD AVE,Baltimore,MD
2013-08-19 20:04:00,7BC1724,1100 STERRETT ST,Baltimore,MD
2013-03-31 16:03:00,602M815,Hillen St WB @ Forrest St,Baltimore,MD
2013-04-06 11:43:00,6AW0187,500 SAVAGE ST,Baltimore,MD
2013-11-09 21:29:00,M585662,1700 CHARLES ST,Baltimore,MD
2013-12-16 23:43:00,3EBY59,3500 HICKORY AVE,Baltimore,MD
2013-12-27 09:26:00,3AZ1933,900 MONROE ST,Baltimore,MD
2013-12-28 22:11:00,5FYC48,500 ST PAUL PL,Baltimore,MD
2013-12-19 09:57:00,3BD9845,200 EUTAW ST,Baltimore,MD
2013-12-15 12:10:00,1AH9723,1300 KEY HWY,Baltimore,MD
2013-03-15 13:27:00,27220M5,Harford Rd SB @ Kentucky Ave,Baltimore,MD
2013-12-17 12:24:00,30474CE,1800 SMALLWOOD ST,Baltimore,MD
2013-12-12 12:29:00,6AM6307,1400 MCCULLOH ST,Baltimore,MD
2013-10-26 17:14:00,1AX9517,900 36TH ST,Baltimore,MD
2013-12-02 11:23:00,WVM2568,1100 CAREY ST,Baltimore,MD
2013-12-17 08:24:00,3AX5102,U/B CHESTER ST,Baltimore,MD
2013-03-01 11:15:00,3AY5842,500 HANOVER ST,Baltimore,MD
2013-12-04 09:10:00,06261CC,900 DUCATEL,Baltimore,MD
2013-11-25 12:56:00,52343M7,1000 LIGHT ST,Baltimore,MD
2013-10-24 17:49:00,9AN5736,1600 BALTIMORE ST,Baltimore,MD
2013-07-05 08:01:00,IPT0115,1500 SHEFFIELD RD,Baltimore,MD
2013-11-14 09:11:00,JDG4154,100 MONASTERY AVE,Baltimore,MD
2013-10-29 13:12:00,8BE9323,200 REDWOOD ST,Baltimore,MD
2013-06-03 11:51:00,EE 2585,1703 OLIVER ST,Baltimore,MD
2013-12-16 15:53:00,1ERJ04,800 HILLEN ST,Baltimore,MD
2013-10-22 16:53:00,5AE9717,1200 MARYLAND AVE,Baltimore,MD
2013-11-23 19:49:00,1AP8743,10000 LEADENHALL ST,Baltimore,MD
